site_id,status,trend,n_spp,risk
51209,0.141667,-0.222222,24,low
51210,0.141667,-0.222222,25,low
51211,0.128571,-0.2,28,low
